,K/9,BB/9,LOB%,ERA,FIP,pWAR,OBP,SLG,wOBA,Off,WAR,W
2022LAD,9.084750201,2.523886233,0.78296703,2.796738799,3.451429644,25.16644023,0.333386735,0.441730003,0.3365604835,147.8165257,37.48350919,111
2018BOS,9.612888924,3.159049505,0.7578871,3.751371287,3.818566889,18.52552111,0.338840349,0.453494575,0.3395622403,79.31153065,32.6151702,108
2019HOU,10.28424951,2.757237451,0.76822157,3.66195599,3.976489574,24.19838758,0.352452593,0.495456974,0.3546718255,194.2253226,43.24851913,107
2021SFG,8.814433706,2.573196086,0.74855415,3.247422944,3.548041026,21.97512737,0.329002923,0.440131819,0.3294959892,55.51143428,32.98273739,107
2019LAD,9.456537329,2.44039673,0.74714286,3.392898515,3.726575796,25.38222386,0.337616447,0.472055343,0.3383970851,89.85153828,34.71562046,106
2021LAD,9.911158178,3.012397045,0.76541311,3.030992088,3.543312403,27.54686884,0.329788947,0.429017447,0.3267943586,43.99456209,29.01290879,106
2022HOU,9.489853014,2.851937454,0.77235772,2.895526018,3.284017729,26.73111711,0.319423745,0.423923091,0.3239584057,83.03314662,30.34170585,106
2017LAD,9.649978074,2.7535767,0.77771649,3.382787666,3.669868643,21.71735135,0.334469881,0.436760355,0.3296333157,33.75614271,29.68924296,104
2023ATL,9.475000753,3.337500265,0.73015684,4.137500329,4.096012649,16.16626085,0.343955164,0.500804002,0.3593280625,205.1126054,40.90353825,104
2009NYY,7.820690748,3.562759119,0.71894689,4.276552322,4.316394275,19.25413932,0.36175187,0.477561837,0.3646861971,137.5410715,34.1406877,103
2016CHC,8.884905757,3.052066863,0.77467693,3.150719529,3.770675515,18.83689237,0.343452002,0.428675268,0.3333256972,47.4801257,34.78978051,103
2018HOU,10.43505212,2.690721797,0.77881834,3.111340377,3.232596528,28.6326565,0.329196603,0.425270493,0.3265826867,72.4501052,32.69995754,103
2019NYY,9.567568331,3.162162415,0.75167955,4.309771654,4.467647829,17.9144345,0.338626884,0.489879992,0.3463919198,131.2231309,30.78268255,103
2011PHI,7.915369288,2.461746876,0.77479726,3.0223427,3.238656436,29.45033098,0.322601416,0.394694389,0.3151705396,-29.52666923,18.80129372,102
2017CLE,10.08283287,2.53632599,0.77460062,3.304720316,3.327005743,30.35328608,0.338647342,0.449283251,0.3359310617,46.42838736,28.25936201,102
2017HOU,9.91493847,3.248962889,0.7366235,4.120332246,3.908677092,19.01490222,0.345544712,0.477811441,0.3486017446,162.6476114,36.66101392,101
2019MIN,8.997950322,2.779954577,0.71817,4.182232549,4.025171246,23.65749349,0.337513716,0.494068387,0.3468773208,123.4983803,31.90674105,101
2022ATL,9.658840473,3.10773503,0.74550291,3.455801353,3.459116109,22.20618812,0.317382009,0.443456162,0.3301785854,84.22084342,29.34297671,101
2022NYM,9.790316039,2.677479402,0.75956782,3.584569387,3.504460696,21.53151384,0.332087733,0.411914738,0.3257423829,88.41338739,31.16545721,101
2023BAL,8.859666242,2.928457116,0.73480459,3.906673234,3.975288093,18.19279606,0.320708312,0.420928116,0.3204568039,55.91610165,23.94944983,101
2015STL,8.1663639,2.931042574,0.79353933,2.937187317,3.479747625,20.5600961,0.321088881,0.394420131,0.3109735749,-21.24696915,23.58267567,100
2018NYY,10.09796354,3.052872699,0.73922734,3.775921496,3.633537579,24.4628734,0.329180642,0.45149592,0.3352551337,90.17724331,28.61535578,100
2021TBR,9.138081768,2.695672294,0.73727795,3.672544364,3.794490319,18.93726914,0.321192586,0.428908661,0.3224181343,77.03114591,30.25744262,100
2023LAD,8.63701364,2.825075067,0.72632266,4.057156263,4.226462403,16.93710207,0.34024043,0.454742939,0.3411892222,125.9708174,32.289517,100
2022NYY,9.045465831,2.752698306,0.76319738,3.304477922,3.560192238,20.82993129,0.324719648,0.426226484,0.3271561706,90.78864795,34.21318134,99
2023TBR,9.405687163,2.739944701,0.72411057,3.869625774,3.804971047,21.3394336,0.331438778,0.444928325,0.3352107969,132.9497796,31.81876328,99
2012WSN,8.12145337,3.046311188,0.75087381,3.340522329,3.543260294,19.46112469,0.322152001,0.42760463,0.3240498124,4.662518731,23.703122,98
2014LAA,8.146133541,3.059352686,0.73279925,3.581385089,3.574023776,14.52101597,0.322147651,0.406050955,0.3206994013,67.26431733,30.81974693,98
2015PIT,8.083687999,2.736854009,0.74971687,3.226225255,3.360490158,19.46568202,0.323368691,0.395666844,0.3127322911,-17.45199296,24.01737318,98
2024LAD,8.653447629,3.118976448,0.73656399,3.91584069,4.177986829,14.56954747,0.334829299,0.446396233,0.3370741122,147.993348,33.7121907,98
2009LAA,6.614533575,3.257439793,0.72366992,4.453287671,4.452793246,13.71968293,0.350047908,0.4414799,0.34576218,75.46574804,29.03369042,97
2010PHI,7.310827013,2.570840268,0.75314063,3.683223077,3.927235966,16.64813269,0.331999359,0.41336678,0.3265791036,5.500965991,22.7902166,97
2011NYY,7.541486211,3.128914492,0.74977467,3.733714532,3.86675777,17.34687262,0.34338118,0.444182674,0.3445647983,101.5674745,36.9332041,97
2012CIN,7.73021386,2.644872851,0.76856649,3.344804074,3.723495495,18.70767207,0.315292949,0.410626255,0.3138489339,-35.97736996,23.36103833,97
2013BOS,8.00962922,3.243466547,0.74537414,3.794360674,3.840839305,15.75888074,0.349228832,0.446115731,0.3465538592,116.7481103,35.7042392,97
2013STL,7.731902983,2.780772125,0.74527317,3.42818027,3.385602752,17.3113506,0.331760494,0.401475616,0.322204552,20.99374322,25.49316067,97
2015CHC,8.813185115,2.506615194,0.72726093,3.36268279,3.297143035,22.92551477,0.321388033,0.398105991,0.3133253602,-15.76605812,25.40794573,97
2017WSN,9.064286215,3.079493258,0.74383803,3.882027864,3.992662782,22.98294879,0.332198995,0.449306681,0.3307811953,0.7632833585,23.18171154,97
2018OAK,7.59586118,2.910621018,0.73518189,3.819422517,4.183174404,13.46363097,0.325332053,0.4391468,0.3294487649,81.03785925,29.5000667,97
2019OAK,7.980205308,2.930375621,0.75143427,3.968600946,4.336193851,18.75772683,0.327211753,0.448300665,0.3274366984,53.85742921,25.21649223,97
2019ATL,8.642234207,3.399816472,0.73839662,4.200138233,4.388641931,12.40933474,0.336467963,0.452158273,0.3320723754,16.66905787,25.85566561,97
2010TBR,7.361385811,2.959413303,0.75153752,3.782848386,4.088390577,16.28603135,0.332851405,0.40301526,0.325969297,78.54099837,30.82811585,96
2011TEX,7.361933772,2.878584791,0.72493734,3.790240712,3.977976529,19.20278802,0.339601414,0.45997526,0.3473695237,107.395421,33.685612,96
2011MIL,7.847167963,2.746820926,0.73241704,3.639537727,3.591397871,16.75145113,0.32498341,0.425004589,0.3267100681,20.61039214,30.74565278,96
2013OAK,7.332645241,2.652892784,0.74787139,3.557851537,3.834355819,16.64113764,0.32659987,0.418764716,0.326808145,66.15183492,25.79450746,96
2013ATL,7.645139669,2.538037439,0.76980475,3.177200901,3.438799018,17.93142314,0.321258027,0.401764381,0.3181445778,3.791470452,25.67610482,96
2014BAL,7.2303836,2.906934463,0.77034184,3.436587776,3.958894549,12.91638921,0.31123872,0.422265904,0.3226593704,21.87525932,27.29866742,96
2014WSN,7.882140065,2.154125235,0.749375,3.029238612,3.175089886,24.29368196,0.320987654,0.392998917,0.3167024838,8.427395764,25.93225909,96
2018MIL,8.796715509,3.406571202,0.74441992,3.733059943,4.005743096,14.48917389,0.322596309,0.424395525,0.3221591467,2.621123829,28.14296042,96
2019TBR,9.895321073,2.76531798,0.73748044,3.674881731,3.65488676,24.54889438,0.32531464,0.431236673,0.3206100407,31.00720711,25.0990231,96
2009BOS,7.705336713,3.320185738,0.72973846,4.353828468,4.144647603,18.45441164,0.351731772,0.453905827,0.3510422136,40.70114848,23.87742555,95
2009LAD,7.770136548,3.567421182,0.74933457,3.414706235,3.796178854,18.57169045,0.345861084,0.411659513,0.3315432166,18.70544036,27.98842105,95
2010NYY,7.200832453,3.369540316,0.73982592,4.055928158,4.343153347,16.37837028,0.349826662,0.435961918,0.3461432862,101.4925146,31.51097322,95
2011DET,6.968750128,3.075000056,0.7114965,4.043750074,3.955247414,16.68584753,0.339750849,0.433579004,0.3370968012,48.53371697,23.60817845,95
2012NYY,8.207104253,2.683810268,0.75108359,3.854474608,3.97590976,17.014698,0.336935483,0.453113685,0.341522552,97.2489232,33.62508637,95
2015KCR,7.190082966,3.030991871,0.75,3.737603473,4.041307289,13.82513573,0.321769154,0.412197309,0.3179640987,-8.2899863,21.79771822,95
2016TEX,7.197505811,3.330561614,0.72769953,4.384615758,4.578299937,12.61543267,0.321528578,0.433303167,0.3240014415,-40.2829693,16.444372,95
2016WSN,9.100709009,2.885590661,0.75,3.520667239,3.583646528,23.49877162,0.32553226,0.425865209,0.3216047237,-27.24891809,21.59769585,95
2018CHC,8.126214189,3.791826876,0.76208594,3.645518444,4.135143772,14.11862164,0.333175205,0.410384068,0.3206489015,-2.772833068,25.56164539,95
2021HOU,9.068512925,3.41937747,0.7505352,3.799308299,4.122283343,16.26639435,0.339012738,0.444484176,0.3364977336,106.6229572,34.09300237,95
2021MIL,10.14066912,3.365599085,0.74732864,3.497214692,3.720173431,23.58419336,0.317081205,0.39612085,0.310037847,-59.63579518,17.93624022,95
2024PHI,8.939695511,2.769870765,0.7372924,3.85536066,3.859156324,21.81429179,0.325150382,0.424647632,0.3253225827,69.54284029,27.02929768,95
2010MIN,6.492886982,2.37287759,0.73388042,3.952730815,3.910104975,17.29758795,0.34073002,0.421515804,0.3346388028,29.54983214,27.55413956,94
2011ARI,6.597228852,2.756120182,0.73944497,3.797459708,4.020305487,11.78453874,0.322361892,0.413207895,0.3215508621,-14.81079989,30.53778515,94
2012OAK,6.955102082,2.828571445,0.75442185,3.495918388,3.885608562,19.49787044,0.310266406,0.403654785,0.3110200762,0.2587892968,19.39712808,94
2012ATL,7.671587249,2.889299094,0.75372208,3.418588798,3.742053616,11.41551018,0.319828722,0.389124423,0.3098454436,-48.89950936,27.12389985,94
2012SFG,7.672640584,3.033081039,0.73551874,3.678153489,3.778118623,10.91814977,0.327352797,0.39672544,0.3143792679,22.39041191,28.95754482,94
2013PIT,7.716908671,3.151632011,0.75002869,3.274025487,3.419114587,16.79272439,0.313405797,0.395916879,0.3116262114,-3.417670797,22.50775758,94
2014LAD,8.436732554,2.636094877,0.74011931,3.404187789,3.480454289,19.52412634,0.332524664,0.405755395,0.3266820524,81.41382855,32.29555656,94
2016CLE,8.707266946,2.871280445,0.734373,3.855363548,3.912650393,18.18568021,0.329033311,0.42961342,0.3264240991,13.50521853,23.56788766,94
2024NYY,9.026848142,3.302203198,0.74713345,3.760670434,4.062971427,14.7816078,0.332851637,0.428623853,0.3306241206,101.951092,33.65774023,94
2009PHI,7.128692885,3.023357173,0.75011246,4.160980322,4.363170392,12.37752389,0.334076078,0.446934385,0.3389204215,42.45362657,31.72861762,93
2012BAL,7.142953886,2.919083109,0.73827074,3.896156665,4.200318646,16.00467974,0.311274509,0.41708633,0.3165092364,-44.01715562,14.26229245,93
2012TEX,8.026352531,2.783633926,0.71481481,4.019417597,3.901664325,22.24910513,0.333603107,0.445974955,0.3358252071,39.52366218,23.2256451,93
2013DET,8.786691472,2.842753123,0.73739521,3.611896284,3.266632875,26.26426376,0.345972309,0.434350479,0.3411779594,83.72465039,27.82748515,93
2015TOR,6.976405894,2.479528326,0.72695941,3.809854606,4.093344009,13.68346063,0.339628732,0.457070248,0.3442048182,135.8697635,36.72845616,93
2016BOS,8.514471652,3.063209331,0.72866149,4.000926474,4.000230285,18.80349463,0.348439233,0.461199294,0.3464988332,100.8506212,30.82613336,93
2017BOS,9.592985175,2.823251966,0.75692308,3.733978407,3.776259062,23.1887202,0.329435929,0.406597283,0.3163640556,-61.71165104,16.41968271,93
2017ARI,9.256072691,3.222762151,0.74156196,3.672449893,3.796779216,22.86424421,0.329398447,0.444705882,0.3292307788,-31.93091771,22.07429081,93
2019CLE,9.440298104,2.817065084,0.76003137,3.793647647,4.056346714,21.04281088,0.323307034,0.432258064,0.3189722111,-15.24132803,24.10106142,93
2019WSN,9.44812482,3.232746877,0.73018591,4.276980395,4.143606579,21.73443695,0.341694806,0.454462989,0.3356960747,39.69644619,28.5247118,93
2021CHW,10.18432384,3.11045155,0.74350693,3.726128558,3.738680248,27.94787212,0.336138613,0.42225126,0.3290527831,58.09004278,22.01596021,93
2022STL,7.378454399,3.065475107,0.74243868,3.792663476,3.942010836,13.91395206,0.325267944,0.420123726,0.3259408037,86.65950261,31.42630672,93
2024MIL,8.545643807,3.074689032,0.76688287,3.647303184,4.187435599,13.20507231,0.325581395,0.402960526,0.3185303828,47.24467539,27.18868527,93
2024SDP,9.085457093,2.888837699,0.72777638,3.858036494,3.776693323,19.32782157,0.324493493,0.420014477,0.3235595846,85.41536221,26.59471921,93
2009COL,7.220857963,3.303824094,0.71301841,4.236153242,3.964059484,21.03242861,0.343065693,0.44053353,0.3413636066,-29.73754521,18.50531233,92
2010SFG,8.199179089,3.560575142,0.77016973,3.363449874,3.73971789,18.41643087,0.32113419,0.408345481,0.3197240804,-31.57220078,26.01950273,92
2013CLE,8.610777913,3.459297291,0.74155903,3.81521777,3.734024657,16.77201999,0.326703619,0.409881061,0.3241092242,39.31799124,23.01381193,92
2013TBR,8.053279487,2.963115048,0.73586983,3.737705289,3.711105808,14.47684517,0.329044708,0.407728421,0.3237602938,50.08026741,28.64290868,92
2013LAD,8.017468184,2.854516536,0.75446483,3.251666663,3.445004503,20.62154089,0.326086956,0.396284829,0.3170474087,14.7145751,25.91028402,92
2015LAD,8.690800877,2.459073314,0.74660633,3.455153644,3.404748951,19.7073685,0.326101358,0.412627669,0.3217683915,28.15946325,29.04236321,92
2017CHC,8.948180765,3.44495632,0.74220653,3.954859602,4.196792182,16.81075282,0.337933247,0.437227074,0.331009596,8.4114903,26.89037256,92
2018LAD,9.542683621,2.573170919,0.76220723,3.396341711,3.598100984,18.9727029,0.33264757,0.441672648,0.3326178345,92.61371497,34.7949829,92
2021BOS,9.684990425,3.46300247,0.7188409,4.274841877,3.951570496,20.35219246,0.328477905,0.448953594,0.3327790919,34.27306108,21.72606636,92
2021NYY,9.838133672,3.084997939,0.73981274,3.762192609,3.904358384,21.63999482,0.322367333,0.406865503,0.3171555233,16.24475812,18.28080959,92
2022CLE,8.592033564,2.688873813,0.73842469,3.47390134,3.752540936,17.71620736,0.3160723,0.382511694,0.3056406451,21.76548402,22.99974917,92
2022TOR,8.679464404,2.647548854,0.73379052,3.890148434,3.847861239,15.37456063,0.328666775,0.431143114,0.3313472821,121.0983083,33.44993563,92
2023MIL,8.887734669,3.074844345,0.75244343,3.729730058,4.213460402,15.96154141,0.319229502,0.385072409,0.3086802939,-53.47462859,18.44514148,92
2024CLE,8.886555435,3.10084062,0.75717844,3.605042347,3.981114478,13.79071099,0.307483914,0.395291902,0.3057943551,0.3367593264,21.74483286,92
2009STL,6.553216735,2.873669874,0.73234924,3.660805535,3.818971844,17.5336727,0.332130556,0.415004574,0.3252028975,-1.584435538,23.65077421,91
2010ATL,7.759842945,3.157712077,0.73432731,3.57040316,3.646161123,15.57654188,0.338994015,0.400878638,0.3274561434,-2.935508148,23.00562469,91
2010CIN,6.999312583,3.245698932,0.73599727,4.019959174,4.121201116,12.80765543,0.338478855,0.435920415,0.3396305082,57.20479553,35.37890985,91
2011TBR,7.099379728,3.130435156,0.75522802,3.583851359,4.030907455,16.79415392,0.321831561,0.40231788,0.3192962441,35.13112313,27.51535808,91
2013TEX,8.050797793,3.06287036,0.75462799,3.628701832,3.772911371,21.21791086,0.323252032,0.411996418,0.3227242439,-22.49748057,19.59383805,91
2016LAD,9.353063657,2.874053998,0.73775773,3.704060972,3.611804756,19.97896737,0.319256481,0.408843783,0.3144882249,-24.26868251,22.81356885,91
2017NYY,9.691671013,3.13115525,0.74534566,3.746203603,3.88037328,23.37046999,0.338546603,0.446549874,0.335514584,78.88168195,29.2819492,91
2018CLE,9.535225279,2.513495265,0.76026059,3.773330729,3.784859829,21.97779495,0.331739199,0.434316353,0.3303004798,48.26983256,25.53018188,91
2018COL,8.731467446,3.25338567,0.71268569,4.331650635,4.058985713,17.06169768,0.322033898,0.435300487,0.3249228835,-88.27871545,14.67190484,91
2019STL,8.719529744,3.396814661,0.75800319,3.820637407,4.27148878,14.91856165,0.322122448,0.414755,0.3141151186,-28.24529222,21.10640983,91
2021TOR,9.4013292,3.029174872,0.75509125,3.906546875,4.18402853,14.46843313,0.330472103,0.466033601,0.3403278129,93.21681203,29.64453703,91
2024BAL,8.613038365,3.002080763,0.71482412,3.944521918,3.941307301,16.2869099,0.315328467,0.435423028,0.3243981083,102.8380129,28.75564779,91
2010TEX,7.303481967,3.407467031,0.73585122,3.93311984,4.167627204,19.29112476,0.338190552,0.418811002,0.3329743524,-7.022253803,21.94545655,90
2010SDP,8.002976067,3.195010522,0.76658209,3.405127268,3.662873367,16.31744137,0.317402768,0.371365476,0.3042012143,-50.19017227,23.63607462,90
2011BOS,7.491079895,3.334858321,0.70825833,4.199451219,4.049174067,14.26979289,0.34877896,0.460770577,0.3515611771,114.2939042,36.8100719,90
2011STL,6.759234562,2.757866197,0.71574294,3.785910069,3.746316586,12.00851591,0.340857421,0.424981923,0.3343086352,72.25698652,29.18923132,90
2012TBR,8.527289895,2.891756298,0.75509158,3.193880091,3.512355753,20.43779797,0.316691382,0.394220081,0.3112480627,-1.005652285,23.97906129,90
2013CIN,7.914951647,2.656638863,0.77456647,3.38339754,3.80854203,18.04174372,0.327263938,0.390798326,0.3155403164,-32.87689715,22.34693496,90
2014DET,7.700137967,2.859697541,0.70730624,4.011004343,3.596488782,19.65675921,0.330851408,0.426110124,0.3312123068,73.03378211,24.3830676,90
2014STL,7.585596439,2.919926557,0.7435409,3.503911869,3.649969643,15.94105105,0.320159415,0.369148544,0.3075638112,-48.99614924,18.02649959,90
2015NYM,8.226755388,2.356654685,0.74266975,3.451914565,3.532180835,19.00692442,0.311856091,0.400036185,0.3091870309,-6.853359329,24.58951829,90
2018TBR,8.830150634,3.113233967,0.73314535,3.747066033,3.817738903,17.41311873,0.333441453,0.406392694,0.3222310748,57.419531,25.98450979,90
2018ATL,8.791991444,3.923341228,0.74087079,3.750343504,3.986976254,15.06992149,0.324089003,0.417413113,0.3188998378,-18.64541045,25.03921122,90
2021SEA,8.298079859,3.030548744,0.71105128,4.299005228,4.257976822,13.97873097,0.302767589,0.384873949,0.2997861007,-58.08662627,10.692732,90
2021STL,7.780523,3.861679987,0.73211994,3.995060381,4.302708899,13.01575162,0.313307601,0.411511866,0.3119674714,-26.20097689,25.04625099,90
2022SEA,8.651693694,2.780235141,0.76138457,3.588804645,3.90372338,12.96887241,0.314660114,0.389581395,0.3103639399,58.14104032,24.40339465,90
2023TEX,8.465305936,3.076584171,0.7262291,4.279647634,4.314683063,14.25611394,0.337146488,0.452368185,0.3396939854,114.2743479,34.10835143,90
2023HOU,9.091328835,3.343865469,0.74637769,3.941651474,4.312927862,15.45359715,0.331192807,0.436680438,0.3316407291,81.91550613,27.5940136,90
2023PHI,9.072799418,2.932748092,0.71193936,4.030968655,3.996200575,24.34386477,0.327087707,0.437827107,0.3294202546,55.04095602,22.52993016,90
2010BOS,7.45743769,3.583524325,0.70848425,4.189016366,4.080817338,15.68572077,0.339076825,0.450938717,0.3448470687,59.73348709,24.67057546,89
2011ATL,8.101825428,3.168957243,0.75158868,3.485244722,3.486976774,14.23210045,0.30821018,0.387120115,0.3056153262,-70.48861014,18.05802035,89
2012LAA,7.264884274,3.032790928,0.72614885,4.018604957,4.261661486,10.43243961,0.331631812,0.432803468,0.3313076829,109.7703134,33.37887226,89
2014KCR,7.24632379,2.72977951,0.73878318,3.505285052,3.694752189,17.20015842,0.31352697,0.376014427,0.3056303608,-47.77956751,18.57775775,89
2016BAL,7.843575884,3.425279533,0.73749857,4.217179021,4.313459893,15.73646567,0.317028985,0.44333816,0.3256294508,13.41999674,21.40065904,89
2016TOR,8.103700931,2.843079246,0.74448186,3.792828061,4.044915864,16.82107044,0.329519819,0.425807629,0.3266412044,21.93626604,23.71373861,89
2018SEA,8.250345826,2.485043924,0.72539185,4.125172913,4.054357098,16.49214513,0.314172447,0.408126247,0.312642007,3.253754498,19.37660645,89
2019MIL,9.232298821,3.51530416,0.73138773,4.403381001,4.461839666,12.49767061,0.329087724,0.438289426,0.3238325017,-20.17298803,23.01698092,89
2022SDP,9.047806622,2.918245003,0.73503298,3.809930976,3.815664306,18.97341827,0.31789371,0.381675201,0.3080769436,3.750268465,20.83715631,89
2023TOR,9.473250027,3.025488229,0.75369027,3.788060057,4.059632857,17.2503475,0.3286657,0.41657677,0.3239746641,38.8825886,25.51626439,89
2024ARI,8.187298708,2.999307448,0.69444444,4.626790283,4.089552463,12.39820679,0.337285691,0.44005795,0.3365652028,121.5331026,33.78204949,89
2024ATL,9.683834347,2.799769235,0.74936869,3.48568152,3.440360706,23.49439924,0.309417779,0.415070242,0.3147524769,-7.77650564,18.42867923,89
2024NYM,9.079039383,3.656575312,0.72278406,3.956090013,4.050672994,14.03136374,0.319083224,0.41506352,0.3201015107,55.37622792,25.83346485,89
2009SFG,8.103735274,3.634855146,0.7554508,3.553942274,3.851578996,19.69883945,0.309348914,0.389222647,0.3050713906,-118.061762,17.27316863,88
2010CHW,7.14980478,3.049089941,0.71539399,4.094492207,3.798284993,23.98207309,0.331740276,0.419948942,0.331552846,-7.668585461,15.63876152,88
2012DET,8.291239898,2.755358934,0.72663329,3.768173519,3.63056582,24.46620521,0.334538878,0.422388604,0.328270265,15.44269556,20.35638991,88
2012STL,7.494531233,2.682771443,0.73207635,3.710346743,3.616785781,16.24279049,0.337541953,0.421024546,0.3291826584,46.47378676,28.3506015,88
2014OAK,7.651025522,2.497038876,0.75863433,3.222779239,3.668698671,17.39809288,0.319620761,0.380703336,0.3115403267,27.18018791,21.64761396,88
2014PIT,7.588922415,3.083772219,0.74165142,3.491645899,3.797621859,8.229291064,0.329713081,0.404443641,0.3245475552,61.57270463,31.34460987,88
2014SFG,7.521740037,2.416149359,0.72661043,3.503106012,3.577386798,9.392752788,0.310658722,0.388194821,0.3081091628,-5.127363914,25.70513867,88
2015TEX,6.831100395,3.169131507,0.72433821,4.254621433,4.343852633,11.0433234,0.325195312,0.413355107,0.3205621255,4.782215714,21.64533393,88
2018STL,8.268209612,3.667201421,0.72997131,3.852725945,3.969868202,14.40711507,0.320923427,0.409239723,0.3157614835,-15.70953492,18.19646942,88
2021ATL,9.040407061,3.292060722,0.74417712,3.89177721,4.085204319,15.45216611,0.319329126,0.435017713,0.3229075499,-5.402465072,23.64015959,88
2023SEA,9.060028388,2.614305655,0.73599053,3.738270795,3.881535354,19.38670548,0.321336346,0.412545454,0.3192700612,57.37968765,26.8309611,88
2024HOU,9.295391712,3.418994653,0.75245778,3.752095235,4.029817185,14.41184683,0.322278771,0.418444846,0.3209696949,66.15068049,26.07867622,88
2009MIN,6.51617409,2.886442135,0.71997786,4.496903412,4.386141012,12.45525031,0.344559173,0.429029957,0.337905335,42.86612109,22.53820301,87
2009TEX,6.373606171,3.331087477,0.72089652,4.38499086,4.486953696,14.93077869,0.319585934,0.444806369,0.3312968538,-49.82965433,18.94873283,87
2009FLA,7.765845182,3.739802047,0.70655116,4.318506856,4.149400031,14.13815383,0.340275552,0.415649676,0.3317817283,-16.65815279,19.59761236,87
2014SEA,8.16322411,2.869835052,0.7682958,3.173554096,3.608836247,13.57235514,0.3003367,0.37559633,0.2991464635,-37.52548263,16.42497384,87
2015NYY,8.458725061,2.926595386,0.73793756,4.03178647,3.96780378,18.41681793,0.32285989,0.420873001,0.3229685649,25.25680825,20.67383367,87
2016NYM,8.682792052,2.73047687,0.75638862,3.582584686,3.565357898,21.50441596,0.316005922,0.416559809,0.3146167582,-24.42560311,20.63338776,87
2016SFG,8.067336714,2.705546843,0.74336172,3.691623141,3.756695092,14.2134388,0.329477911,0.39802336,0.3145859396,-32.55738163,23.56563115,87
2017COL,7.950383354,3.330396806,0.72244206,4.513564093,4.323417691,18.58680662,0.33773216,0.44362125,0.3324027202,-106.861894,14.82177478,87
2022PHI,8.966395042,2.91738644,0.71229558,3.975962946,3.600412367,22.83338534,0.316639209,0.422125181,0.3216073669,49.26579517,22.30773754,87
2023MIN,9.673863714,2.747129247,0.74653232,3.869545486,3.888940261,20.42824762,0.325761237,0.427582437,0.3266612102,53.10968867,24.20915243,87
2009DET,6.854181627,3.694540732,0.732014,4.341396348,4.525556579,16.97335432,0.330744336,0.416425992,0.3278833542,-48.46728268,14.95610124,86
2009ATL,7.580674832,3.261166933,0.73810312,3.574977336,3.657703651,19.65206055,0.338621794,0.405488355,0.326913765,-44.2019567,21.91586034,86
2010STL,6.773217876,2.953222054,0.74023304,3.572346174,3.845556335,11.40545474,0.331605378,0.40184049,0.3217083152,-6.84772775,24.65724582,86
2011LAA,6.499658736,2.924232097,0.7447684,3.569283295,3.889550113,14.98882108,0.312520702,0.401959005,0.3133335254,-14.6217769,23.33681137,86
2011SFG,8.068120302,3.427111891,0.74426381,3.206403433,3.327157418,17.32551151,0.303035329,0.368209989,0.2953159152,-87.88856119,18.00675494,86
2012LAD,7.921821954,3.34628686,0.74784049,3.352495184,3.636645761,20.81311427,0.316525212,0.373666789,0.3017585485,-81.94041767,13.91827547,86
2013KCR,7.506559651,2.9143845,0.76853526,3.448791893,3.827371102,17.46521623,0.314946325,0.378626779,0.3048885569,-57.42623043,18.99686125,86
2013WSN,7.694719936,2.521328134,0.73649149,3.585888902,3.554886892,17.27420965,0.312594079,0.397534952,0.3114300367,-34.70945978,17.66739276,86
2015HOU,7.99444883,2.641915512,0.73780955,3.572519321,3.66239323,18.85719674,0.315188616,0.436526836,0.3246135525,66.74714318,26.06685157,86
2016DET,7.764706298,2.911764862,0.72170487,4.241596865,4.155664078,18.45816079,0.330932896,0.438110749,0.3299244223,28.39898458,20.20973123,86
2016SEA,8.141386918,2.841455222,0.74870912,3.99656854,4.298241992,14.45327955,0.326346339,0.42987641,0.3252820517,48.44428837,23.40818686,86
2016STL,8.016110865,2.951668729,0.7181525,4.076409866,3.883959729,16.57761856,0.325303152,0.442501802,0.3289138285,24.95240498,25.31488715,86
2017MIL,8.379525676,3.442702599,0.74813111,3.996772276,4.239493595,17.0515268,0.322172985,0.429120175,0.3211096143,-46.00283185,22.34597951,86
2019NYM,9.363450675,3.080082459,0.73121353,4.250513793,4.098335373,19.82301455,0.328329607,0.44185633,0.3251346536,32.18612565,23.69195957,86
2021OAK,8.365667041,2.757153026,0.73735603,4.019539719,4.096761336,14.70982531,0.31657631,0.405931417,0.3130806762,19.40092435,23.60100091,86
2022TBR,8.676109379,2.407244221,0.74598421,3.410262646,3.68220119,17.2433179,0.3085,0.377124907,0.3022049438,3.049025839,18.61814463,86
2022MIL,9.522822368,3.242738859,0.72948718,3.827801148,3.924325952,15.15128727,0.315496645,0.408528705,0.3168525392,26.85771349,24.10490653,86
2024DET,8.421562663,2.587422502,0.72324139,3.626123362,3.704352817,16.99131991,0.299617368,0.385336273,0.2988926412,-27.23611853,19.20975775,86
2024KCR,8.439076386,2.974790182,0.73204925,3.756302857,3.759125661,20.22410083,0.306245802,0.403431101,0.3073467808,-21.2139238,20.03964721,86
2009SEA,6.461909484,3.308398528,0.73383672,3.872189288,4.391943857,17.47666482,0.313686643,0.401948403,0.3125949637,-86.96228078,17.30679448,85
2010TOR,7.396576416,3.36719146,0.71158129,4.229292427,4.035038267,15.2810016,0.312138728,0.454231119,0.3335041581,25.07492267,23.98643061,85
2012CHW,7.756975772,3.131427619,0.75196944,4.021674437,4.228185222,16.17518657,0.318256578,0.421891989,0.3215321497,-18.19025815,20.841996,85
2013BAL,7.240881673,2.929800711,0.74603742,4.199587488,4.325899929,11.14235315,0.312571521,0.430960854,0.323327602,16.36816037,25.30122169,85
2013NYY,7.667204637,2.717411538,0.74620722,3.942423146,3.891474891,14.82131069,0.306924101,0.375848779,0.3012044861,-89.19386149,14.22703667,85
2014CLE,8.88762932,2.844041382,0.73194685,3.573439927,3.418971858,20.30289807,0.317179902,0.388699551,0.3130435497,-1.679524559,13.75042089,85
2015LAA,7.627718844,2.911152319,0.73330923,3.941925136,4.054695116,12.16434369,0.306554621,0.395791028,0.3049582183,-37.00770122,17.09389311,85
2017MIN,7.307799941,3.027158981,0.72504926,4.600278865,4.714742864,8.883635623,0.334081796,0.433687241,0.3288697542,33.73427221,28.10834421,85
2019ARI,8.766553689,3.169966155,0.73952096,4.245051576,4.401722893,12.86171172,0.322934903,0.434404402,0.3191834998,-41.75690146,23.3831841,85
2024SEA,8.893231718,2.317515893,0.73797431,3.491975166,3.731936412,16.88451184,0.311022971,0.37598499,0.3033434155,26.5091432,21.28876947,85
2009TBR,7.093648895,3.247314827,0.71155406,4.357076788,4.366584184,12.40631241,0.342852533,0.439399487,0.3416259415,90.48390004,35.26987036,84
2014NYY,8.485891604,2.465244422,0.73274271,3.747419285,3.669760793,17.51758618,0.306840713,0.380025468,0.305242218,-38.46735618,17.60007115,84
2015SFG,7.259405426,2.685668445,0.74502488,3.732518326,3.914576995,8.75389317,0.326129666,0.406109613,0.3182645317,25.54358733,29.4689647,84
2016NYY,8.777363485,2.797666466,0.74195203,4.164994446,4.196035366,18.66183344,0.31440903,0.40509344,0.3106846605,-58.85714623,15.03619189,84
2016HOU,8.558583794,2.77724818,0.73350798,4.064714223,3.852963709,17.60940042,0.318601262,0.416591523,0.3167487703,16.81822045,24.88751217,84
2019BOS,9.991163025,3.701563766,0.70770937,4.698844583,4.28267031,16.51395122,0.339841933,0.465857885,0.3379625455,38.18593159,27.59544441,84
2019CHC,9.012483838,3.332871447,0.74140944,4.10055532,4.24660323,16.90884481,0.33127839,0.45193188,0.3296439225,-2.353383892,24.50317533,84
2023ARI,8.471203943,3.291918631,0.70984332,4.483279659,4.354436677,13.0308172,0.321663379,0.408204562,0.3169703768,-8.763495566,19.7428503,84
2023MIA,9.342778429,3.222945042,0.72514479,4.213655775,4.131491908,18.63982636,0.316375727,0.404766236,0.3121733465,-63.14903776,9.827853636,84
2009CHC,7.920664783,3.648985506,0.744,3.842020575,4.114842136,18.46973337,0.331607056,0.406853809,0.324381064,-89.30650002,14.34739158,83
2010COL,7.701803887,3.276699385,0.7083845,4.138003223,3.828189248,21.6152993,0.33564181,0.42477396,0.3330933788,-61.99987423,14.25218698,83
2012MIL,8.680119596,3.250401418,0.72071565,4.222426223,3.824330593,14.30238637,0.324983734,0.436566492,0.3294086358,29.46760595,27.80909773,83
2014TOR,7.478171211,3.056133356,0.7265499,4.004158397,3.968011086,14.22828016,0.322570123,0.413768246,0.3250920957,44.9059749,21.73610907,83
2015MIN,6.523908869,2.575883712,0.72756669,4.072765288,4.096171763,15.99093196,0.305328211,0.399122004,0.305129618,-80.40798792,12.11096871,83
2015WSN,8.418680823,2.283457392,0.72692794,3.61965636,3.452831688,22.18994296,0.321016166,0.402542372,0.3145231025,-29.66952684,17.90614977,83
2017STL,8.383590572,3.05929693,0.73550212,4.014939378,4.093286738,15.69549368,0.333765392,0.42595978,0.3256457822,9.009950373,25.03129924,83
2021CIN,9.562631641,3.871485382,0.7262278,4.411108952,4.336429772,17.16160848,0.328109696,0.431311082,0.3272943068,-30.91498575,18.04657843,83
2022BAL,7.622791577,2.781628228,0.73195507,3.974651621,4.030570642,11.71649934,0.305090366,0.390311291,0.3052488683,8.999907174,20.09229956,83
2023CHC,8.634232059,3.216674689,0.71445841,4.094519633,4.163540207,15.98981681,0.329840399,0.420784883,0.3257696674,57.38936849,25.76216452,83
2024CHC,8.470096089,3.047475225,0.73722812,3.788922805,4.043579557,13.87692241,0.317153164,0.393126263,0.3107522453,20.16541408,22.52280917,83
2024STL,8.15235547,2.829640201,0.70570756,4.06371236,3.952007279,15.52170285,0.311596583,0.391683312,0.3073353638,-18.03012114,16.91031383,83
2011LAD,7.950419699,3.186452796,0.74143566,3.563547802,3.60918522,19.95760407,0.321819993,0.375091979,0.3066722966,-24.63053218,19.51242122,82
2014MIL,7.69311725,2.661102355,0.73960128,3.667505334,3.88551084,10.91417319,0.31059216,0.397107286,0.3125311895,-56.17542613,19.88725261,82
2018ARI,8.907724822,3.211210191,0.75709779,3.727956659,3.914361938,11.9846012,0.309792381,0.397435897,0.3058724483,-82.20562922,20.16103286,82
2018WSN,8.819502629,3.031120522,0.74791381,4.039419341,4.148675068,16.42943731,0.334880742,0.41852456,0.3252910633,13.22346061,24.37363877,82
2018PIT,8.384937871,3.119247097,0.73601974,4.004184403,4.058618533,14.94141935,0.317307692,0.407196621,0.3122635693,-39.91817062,18.86193858,82
2021PHI,9.389098653,3.229088658,0.71384615,4.390038019,4.151237225,17.64195354,0.317715231,0.40849795,0.3131597758,-43.97725103,18.42618586,82
2023NYY,8.995833124,3.17573539,0.7330402,3.969669238,4.252493557,14.68392173,0.303706188,0.397332331,0.3044882564,-69.64437356,13.39988216,82
2023CIN,8.63524874,3.833024966,0.7179969,4.833488252,4.787694533,14.87006584,0.326910621,0.419530823,0.3246394468,-8.504716649,13.63536767,82
2023SDP,9.024983332,3.478834405,0.75629746,3.734906597,4.137066797,18.59538077,0.329163281,0.413256804,0.3232176679,50.74019343,25.38453918,82
2024MIN,9.372831185,2.705623935,0.70108349,4.261513912,3.844309613,18.45824965,0.315169366,0.410928961,0.3158831531,35.51037683,22.99636394,82
2010DET,6.580198939,3.34618071,0.70555135,4.287099309,4.144078366,18.01006712,0.335193749,0.415204678,0.3297111962,23.90633273,23.8459488,81
2010OAK,6.72642655,3.218626536,0.75054519,3.583236574,4.124873932,13.67825499,0.324386629,0.377936857,0.3129427367,-20.58158523,19.96724145,81
2011TOR,7.21275215,3.331810232,0.71634989,4.325183282,4.286812382,10.69492312,0.316717915,0.412844036,0.3190140573,-11.64158167,16.31053361,81
2012ARI,7.533132374,2.6177635,0.7201426,3.942339276,3.805217085,15.27698857,0.327911943,0.418161845,0.3232376545,-30.71457689,21.68717039,81
2012PHI,8.588654475,2.536288578,0.72919286,3.857143021,3.716638617,19.76796412,0.316557377,0.399531024,0.3113868355,-40.7619472,21.2991221,81
2013ARI,7.332441924,2.919732622,0.74491072,3.919063787,4.042503267,8.46720266,0.323196943,0.391472868,0.3135538803,-69.37218146,20.06526595,81
2015BAL,7.734898321,3.029972335,0.73555372,4.052509582,4.114309433,15.752444,0.307216839,0.42060164,0.3149946768,-23.92702179,17.67402723,81
2015CLE,8.838762752,2.669846602,0.72752366,3.681247315,3.62079713,21.05308943,0.324533905,0.400625114,0.3154054777,-15.61919397,19.05121644,81
2016KCR,8.043750523,3.23125021,0.75394981,4.212500274,4.420866021,12.05914239,0.312156993,0.400036023,0.3071690718,-70.46933653,13.6062725,81
2019PHI,8.618207306,3.380417521,0.74657454,4.531988325,4.879453273,8.504773124,0.31940874,0.426673846,0.31440883,-70.33131325,18.13519329,81
2022CHW,9.014506747,3.313608342,0.71182207,3.935298463,3.81010547,17.03960064,0.310463402,0.387096774,0.3063531617,-17.82285161,15.34894712,81
2022SFG,8.604327395,2.769714147,0.69962468,3.862526531,3.429946733,20.32284446,0.315333006,0.389651335,0.3105178822,5.441491123,15.70711972,81
2024BOS,8.382515658,2.856126917,0.70502629,4.05185901,4.104274765,15.54138428,0.318615558,0.422628653,0.3207057844,30.71809665,20.31062229,81
2009MIL,6.924042226,3.806968869,0.71907244,4.841812136,4.838547278,5.182689712,0.341134979,0.426134301,0.335867409,10.20354853,24.41704058,80
2010LAA,7.017019696,3.508509848,0.72899551,4.042548515,4.110731166,13.53879313,0.311269237,0.390306122,0.3100125484,-54.17963677,14.24961878,80
2010FLA,7.308459257,3.43522614,0.71312453,4.092236604,3.916312923,16.05334693,0.32101579,0.402639667,0.3184104855,-36.14570844,16.01995504,80
2010LAD,7.953295665,3.364855858,0.70884322,4.014104484,3.761079495,16.82910352,0.321552436,0.378916328,0.309292888,-60.61479842,13.54484829,80
2011CLE,6.341284938,2.867202076,0.69522001,4.241972834,4.064377199,17.68655679,0.317296678,0.396442185,0.3142374702,-8.522200561,9.180045788,80
2011WSN,6.514030075,2.962051807,0.73598264,3.583027029,3.829894184,11.55797679,0.308588548,0.382650248,0.3045509854,-73.3849616,16.55669562,80
2015TBR,8.391055702,2.953899313,0.75062814,3.740367265,3.91386904,14.68287938,0.314441506,0.405834092,0.3130784814,-16.24326423,19.59827854,80
2017LAA,8.196206212,2.936140945,0.74869709,4.19805684,4.427885068,11.02396323,0.314998348,0.397229916,0.3067824038,-60.77456821,16.60839409,80
2017KCR,7.6123353,3.24901482,0.70921986,4.63250668,4.429840102,13.67854328,0.311418109,0.419617052,0.3122518867,-60.13350525,12.96513297,80
2017TBR,8.420761736,3.132872155,0.72968594,3.986159401,4.166636293,14.99301307,0.31668299,0.42241694,0.3155726067,-1.239282452,19.66893824,80
2018LAA,8.678572747,3.418831688,0.74060823,4.151438479,4.361266638,12.17018792,0.313217448,0.413011695,0.3132713596,-12.56326126,20.62796484,80
2018PHI,9.120360632,3.112751069,0.71030476,4.146184424,3.833477529,19.68407038,0.313995411,0.392514749,0.3073613616,-72.26571569,11.98509882,80
2021CLE,8.891336011,3.336648021,0.72775071,4.340199246,4.426426279,9.686389999,0.303483432,0.406976744,0.3062170711,-17.90748585,18.69822601,80
2024TBR,8.78343421,2.779963175,0.74461094,3.779500496,4.045448528,12.78981713,0.302403204,0.366116162,0.2943069314,-30.55942821,16.12071521,80
2024SFG,9.014648456,3.302023042,0.71827057,4.099279556,3.797937229,12.1821266,0.305238803,0.395604395,0.3051932251,-20.71425356,17.58487063,80
2009CHW,6.995369853,3.169483928,0.71681719,4.157212647,4.210536036,20.16505618,0.328960314,0.411495515,0.3257247725,-84.03657474,8.734186239,79
2010NYM,6.850654024,3.375774361,0.74918743,3.728837001,3.995942935,14.05376565,0.314497528,0.382616651,0.3067469787,-70.93073807,15.20341749,79
2011CHW,7.520548498,2.706164582,0.71256177,4.09931537,3.655523318,23.15545459,0.318650728,0.387677208,0.3119485464,-79.99568326,11.6618444,79
2011CIN,6.818987567,3.305246672,0.73702225,4.157620118,4.371059792,6.23369317,0.32576,0.40787598,0.3217204188,3.623900685,29.32211503,79
2012PIT,7.484651623,3.076744375,0.72595065,3.911860705,3.938638193,13.74896406,0.30376344,0.395048041,0.303611963,-67.84258808,9.798620313,79
2014ATL,8.047423329,2.919587864,0.74973663,3.383505427,3.474520237,18.5623603,0.304658901,0.360095098,0.2962904783,-98.85927055,13.55969801,79
2014NYM,8.012070717,3.129811201,0.75710326,3.492598747,3.749879177,12.72445898,0.308248439,0.364400584,0.2990150287,-56.02845116,18.11249098,79
2015ARI,7.455682124,3.068181944,0.73715007,4.050000166,4.210866522,10.57607036,0.323807994,0.41440963,0.3189338783,-23.31332919,21.56654106,79
2016MIA,8.648780859,3.731707477,0.739507,4.051568118,3.973041255,15.54494069,0.322214919,0.394267171,0.3094896119,-40.05613533,20.5010014,79
2021SDP,9.547553237,3.247552716,0.73571877,4.097203136,4.177027213,12.66190759,0.321211123,0.401188707,0.3121618983,-8.463424633,22.98002823,79
2023SFG,8.525326053,2.528113613,0.70690927,4.021143488,3.919306219,14.9269641,0.312047399,0.383407243,0.3041780754,-74.5260903,13.28070815,79
2009CIN,6.597257608,3.560914537,0.74438515,4.178057437,4.627598153,8.189443648,0.317562017,0.394177956,0.3128519007,-118.4881879,19.04721928,78
2013LAA,7.409102057,3.290876164,0.7233949,4.241710928,4.080326468,10.10360515,0.328941025,0.414459556,0.3249756661,54.75480631,21.56966821,78
2015BOS,7.568700753,2.970311133,0.71645655,4.337399939,4.16788619,11.82146484,0.325330325,0.414539007,0.3210693729,-5.883879799,17.93602889,78
2016CHW,7.90092258,3.241244618,0.73972603,4.11843366,4.274671113,17.10742355,0.317273025,0.409909909,0.3138714643,-25.79250437,15.3756062,78
2016PIT,7.643382738,3.306755681,0.725,4.224954257,4.303959338,8.986062656,0.332475884,0.40166005,0.3184332198,-23.89807978,22.06567002,78
2017SEA,7.773201411,3.061791553,0.72661781,4.455219137,4.700338295,9.336861144,0.325312957,0.423527292,0.3207985841,14.96442327,22.3271159,78
2017TEX,6.946084658,3.507553138,0.70929971,4.699744723,4.877602642,11.151237,0.320150968,0.429834254,0.3212325603,-76.72745773,10.00820053,78
2018MIN,8.586375186,3.572979652,0.7235673,4.502079073,4.392995237,11.39692299,0.31784841,0.404994571,0.3131836229,-34.40738113,16.54314883,78
2019TEX,8.630737636,3.648818014,0.70468699,5.088317402,4.837097192,14.226936,0.319320937,0.430866425,0.3172318135,-89.749378,9.190035903,78
2022BOS,8.465409623,3.30817642,0.69828571,4.534591633,4.165540817,10.12719156,0.321044045,0.409460191,0.3186023668,9.557300591,18.36775895,78
2022MIN,8.367432739,2.931106678,0.73289902,3.983298819,4.032403231,11.48356501,0.317273025,0.400840029,0.3149458463,26.20169386,20.65981093,78
2023BOS,8.955944617,3.127972224,0.71562647,4.518881402,4.372522947,13.73351082,0.324016899,0.424307802,0.3236913245,-9.553076001,13.22840387,78
2023DET,8.573608456,2.9701875,0.69814417,4.243125,4.129318239,14.18711622,0.304813715,0.381526104,0.2998401707,-72.24514816,11.8949906,78
2024TEX,8.642774609,3.34111637,0.72069342,4.374971246,4.318218048,11.7149422,0.305440714,0.380116959,0.300259593,-36.91768575,16.9107674,78
2010MIL,7.86796429,3.640027994,0.70034137,4.590688227,4.205709061,7.394553202,0.334716017,0.423831608,0.3340219904,32.43088262,29.74318964,77
2011NYM,6.998619155,3.19475155,0.71175142,4.189226741,3.999833851,11.93143014,0.33476874,0.390714285,0.3192908789,25.04138143,17.49592295,77
2014TBR,8.83602919,2.963789889,0.74094537,3.560237231,3.563361302,14.09346735,0.317104836,0.366751269,0.3048740399,-19.90660108,20.59977414,77
2014MIA,7.34735957,2.827807297,0.71866112,3.790990568,3.559647595,16.71236209,0.316538524,0.377573131,0.3070515185,-42.35118452,16.44968109,77
2014SDP,8.032438034,2.890176302,0.74869237,3.271779666,3.46380919,12.20291694,0.292065663,0.341896486,0.2831203882,-128.6896796,11.70022606,77
2017MIA,7.498614004,3.911506639,0.70677011,4.81608154,4.690218319,5.537557377,0.330858618,0.430560514,0.3245971734,8.869187505,25.55241979,77
2018NYM,8.909630811,2.982200078,0.73012048,4.07279804,3.96691268,17.85815067,0.312408521,0.388624725,0.3046803427,-49.10840238,16.07065205,77
2019SFG,8.381212231,3.179714289,0.72598122,4.380531246,4.553015686,8.292796657,0.302147738,0.391647248,0.2947973391,-156.4697239,9.117791231,77
2021LAA,9.19835983,3.747714397,0.6958038,4.690973595,4.25467669,15.49484091,0.309774436,0.406842008,0.3084895757,-47.54537359,12.19246013,77
2021DET,7.981451858,3.619864187,0.72632424,4.317211053,4.598538612,9.280394657,0.307550335,0.399181547,0.3057699729,-46.2498034,11.35483423,77
2021NYM,9.48066766,3.099323564,0.732,3.895360353,4.039294696,17.14964214,0.314668498,0.390595009,0.3069068735,-53.18841137,19.7167841,77
2024CIN,8.634454492,3.069327984,0.7389898,4.090336471,4.250722336,17.02960182,0.304654679,0.388169014,0.3034473749,-74.13010878,8.573554855,77
2010HOU,7.566003154,3.426586552,0.71001088,4.08939344,3.886550201,15.5096809,0.302917861,0.362068965,0.2952016471,-156.610813,5.625853427,76
2012SDP,7.559248127,3.381273644,0.71844773,4.014870375,4.110019133,7.831192286,0.319391634,0.379933603,0.3066082671,-8.401450156,21.27115219,76
2013SDP,7.2432997,3.247423008,0.72536496,3.977319989,3.996995365,8.443404933,0.307742998,0.377922784,0.3021326496,-35.41790445,18.16499898,76
2013SFG,7.810226583,3.239751632,0.7208238,3.99838829,3.798199923,7.125797633,0.320222877,0.381304034,0.3085918008,-1.70697001,27.04325921,76
2014CIN,8.029046305,3.15560192,0.76451098,3.585062536,4.008462476,12.83713922,0.29649093,0.364967562,0.2941221459,-115.3606338,14.66158195,76
2015CHW,8.419688326,2.936668335,0.72936879,3.98370831,3.819229395,17.4039308,0.306342109,0.380083137,0.2997232467,-94.27112325,8.759392805,76
2015SEA,7.892686709,3.020505981,0.72801565,4.164730243,4.138378496,9.082441353,0.310684391,0.411075036,0.3127867803,-20.73748344,17.38910815,76
2017TOR,8.428669509,3.372696473,0.7180731,4.423208489,4.308493014,16.57898067,0.312224579,0.411893071,0.3115721971,-69.26180281,8.132340098,76
2023CLE,8.171053171,3.328255067,0.73164975,3.970221869,4.212104135,14.7790307,0.313167844,0.381461998,0.3015157035,-55.24240407,14.53486294,76
2023PIT,8.578322451,3.751049289,0.70139504,4.613287129,4.396299204,11.83961278,0.31453076,0.391971883,0.3084180199,-81.07264538,13.17202536,76
2024PIT,8.482855083,3.22173331,0.70828055,4.172613821,4.032768396,14.80223344,0.301202834,0.371188606,0.2949456498,-101.5912671,6.894318616,76
2009OAK,6.98940592,3.252187986,0.70294536,4.290649542,4.103762726,18.02347669,0.328399034,0.397206303,0.3204637319,-37.95784393,14.1930628,75
2009TOR,7.325293417,3.417643245,0.72240695,4.46588591,4.350012862,15.59552407,0.332754812,0.440308988,0.3371194878,21.5219076,19.14719594,75
2009SDP,7.364200811,3.741038828,0.70852848,4.373851367,4.297221699,11.09869741,0.320773263,0.380645161,0.309496912,-67.12418039,15.52067245,75
2010CHC,7.943388131,3.790023517,0.7040893,4.241067638,4.105220702,13.79398258,0.319624938,0.401487663,0.3178628402,-81.67603081,13.45742159,75
2012SEA,7.204119619,2.774142118,0.74233658,3.762700556,4.000630664,17.61822565,0.295601659,0.368947943,0.2912241078,-89.63880524,9.696208572,75
2016COL,7.700793579,3.444263359,0.67999578,4.917677666,4.376504519,13.13486201,0.336137172,0.457427858,0.3387094231,-46.98300482,21.44347924,75
2017BAL,7.700902807,3.616239031,0.72180368,4.97154796,4.959860528,8.613298279,0.311796377,0.435044247,0.3182893938,-51.27279272,11.65396783,75
2017OAK,7.559748942,3.157232919,0.68943374,4.672956292,4.565746009,9.553082622,0.319371727,0.435761346,0.3226462261,15.11932826,16.89052676,75
2017PIT,7.883850805,3.192272394,0.7322011,4.229292389,4.232836463,16.5911125,0.318069916,0.385672407,0.3043434233,-118.6831393,10.54944021,75
2019CIN,9.713492157,3.354659662,0.73702378,4.180807191,4.229308627,19.82567049,0.314808707,0.421651376,0.3118815112,-130.7841874,12.66383612,75
2023NYM,8.877148265,3.78088992,0.73467049,4.295599304,4.46661965,10.96628575,0.316260566,0.407234756,0.3149903944,1.915943927,18.53058995,75
2009HOU,7.200000567,3.436363907,0.72008981,4.544056302,4.347433508,11.63590216,0.319156061,0.400110375,0.3148917719,-98.96498298,12.48087974,74
2011OAK,7.211605342,3.2265717,0.72073617,3.711489991,3.804571231,17.9777392,0.311305207,0.368672046,0.3014850969,-82.17030841,7.271194905,74
2012NYM,7.782427376,3.062761741,0.71052317,4.092050523,3.929180193,14.33939784,0.315684647,0.385688073,0.3062431476,-48.79668942,15.91653347,74
2013TOR,7.487604171,3.099173912,0.72289157,4.264463303,4.297165815,9.484427869,0.317818063,0.41069171,0.3201311152,-2.799601406,16.96669525,74
2013COL,6.6685242,3.24025095,0.70202971,4.437326253,3.960807094,16.41241502,0.322654838,0.418467583,0.3241488854,-72.6865486,13.90586989,74
2013MIL,7.018253665,2.907116629,0.73453453,3.836645337,4.123640024,5.292739498,0.310506096,0.397515527,0.3111673506,-65.99062011,22.11459557,74
2013NYM,7.368623726,2.791422388,0.72938204,3.784876207,3.788712234,18.08679253,0.305654858,0.366073034,0.296790278,-49.21851798,16.74107495,74
2015DET,6.841742319,3.041465449,0.69654858,4.639945246,4.456330598,11.65774923,0.32773794,0.42016057,0.3236052327,-8.571443456,17.09626601,74
2015SDP,8.704235532,3.224253794,0.71109544,4.092802781,3.929937226,9.714755445,0.300083822,0.384826827,0.2980008227,-63.22954681,16.36639763,74
2016LAA,7.193246426,3.153377394,0.74994262,4.28048819,4.619825056,7.986574195,0.321892702,0.404529552,0.3141073199,-18.84689047,17.49741627,74
2021KCR,8.534337606,3.752822563,0.70318703,4.641816064,4.389225209,13.21026093,0.306465155,0.395614519,0.3036819455,-85.00237141,12.06132683,74
2021COL,8.175376352,3.472441177,0.69755306,4.825340337,4.469962627,13.57354905,0.316663869,0.414402679,0.3149813008,-148.1984516,9.371108485,74
2022ARI,7.653147579,3.172028273,0.71193466,4.254545858,4.329214334,6.773268476,0.304238985,0.385161652,0.3027610347,-35.44859547,19.36766954,74
2022CHC,8.621797114,3.366428374,0.73504684,4.027245796,4.334319819,7.845370194,0.311302048,0.386543778,0.3069448852,5.602306416,18.27212098,74
2024TOR,8.285381324,3.171649015,0.71741306,4.294021828,4.426380466,8.074766613,0.313420486,0.389279112,0.3073382557,-2.953722333,22.74183245,74
2011COL,6.950495593,3.24522245,0.70600691,4.43886749,4.242517396,13.57679666,0.329193548,0.409812409,0.3236525514,-92.5360652,12.47162326,73
2012TOR,7.119372865,3.578388813,0.72037702,4.644424505,4.656447212,6.875297357,0.309240924,0.406597412,0.3110612977,-55.79166267,14.04185104,73
2013PHI,7.512880618,3.170573472,0.70541699,4.336041191,3.940404923,13.71707254,0.306362262,0.383797653,0.3028566916,-81.94878616,8.569861551,73
2014CHW,7.195003883,3.478834343,0.70389884,4.297016208,4.099635986,10.72967933,0.30983823,0.398340248,0.3123442116,-23.45849156,13.951782,73
2014CHC,8.063098593,3.099772457,0.69599109,3.923918308,3.508106413,20.49535248,0.299586435,0.38453159,0.3025233785,-59.51827769,15.19355712,73
2014PHI,7.692395233,3.193416666,0.72230872,3.806356526,3.814658545,16.63682533,0.302052785,0.363376762,0.2950746171,-85.53364413,11.13529065,73
2016MIL,7.372763675,3.338136404,0.73104292,4.097374195,4.372216982,11.11388855,0.322231473,0.406754221,0.3152029754,-52.6170326,16.10656565,73
2018TOR,8.148338671,3.458963488,0.70002219,4.852593061,4.528950705,8.493338536,0.311810245,0.427058608,0.3185674839,-23.72048094,15.45349622,73
2018SFG,7.815465937,3.227190032,0.7234116,3.953923666,3.979546603,14.10623858,0.299506578,0.367803645,0.2895652489,-134.8237135,7.438838336,73
2021MIN,8.351104502,3.069046757,0.68853686,4.831846341,4.657352236,6.840230861,0.314106789,0.423494752,0.3175350102,11.2110259,21.98967366,73
2022LAA,8.669840573,3.385187209,0.73047702,3.786394581,3.960817426,16.46620885,0.297092925,0.390189931,0.3001207008,-50.1414604,10.90703218,73
2023LAA,9.083819004,3.998137638,0.7061466,4.639348391,4.651315191,11.33131798,0.316862361,0.426124977,0.3199746923,-3.844889896,15.83684966,73
2011FLA,7.50993449,3.082895932,0.7150283,3.952272584,3.787204125,15.32754795,0.317597265,0.388344226,0.3111776291,-56.06131945,13.76524834,72
2011PIT,6.402254242,3.322217284,0.7368754,4.04875826,4.201789291,8.549051462,0.308617234,0.367644346,0.2989097469,-103.100584,7.292048557,72
2012KCR,7.298806469,3.361047669,0.72425178,4.297428108,4.176905127,15.08249052,0.316511513,0.399929027,0.311055508,-50.82491872,12.55089602,72
2017ATL,7.855227571,3.646623928,0.70122281,4.720629606,4.505003406,8.959423495,0.326023391,0.412428366,0.3156380264,-87.84632196,14.27530658,72
2019LAA,8.758780731,3.593345941,0.70949918,5.115527208,5.041874685,7.532785792,0.32403399,0.421869361,0.3164541591,-36.41045664,16.53859303,72
2019CHW,8.358660461,3.707881393,0.71297042,4.905616276,4.890979888,13.21717184,0.314238134,0.413998914,0.3091487058,-67.44101703,9.583437623,72
2011KCR,6.697290162,3.454065389,0.71512435,4.446256524,4.268381291,10.65427601,0.328663446,0.415021156,0.3248809267,4.512706835,19.62046639,71
2011CHC,7.680223581,3.639321632,0.71320182,4.342087188,4.110908083,10.97993263,0.314271588,0.400792935,0.3135352471,-80.17520658,14.15813093,71
2011SDP,7.072907614,3.235280831,0.74458114,3.427783145,3.72984816,15.14734104,0.304839514,0.348532398,0.2896498105,-77.24022691,15.02068271,71
2013SEA,7.967918607,2.936518962,0.70723873,4.318771612,3.886079686,15.7343974,0.305564594,0.389528607,0.3067878101,-41.14584684,10.12099359,71
2014BOS,7.44848833,2.959745569,0.7180761,4.009779785,3.925747811,10.5581361,0.315501127,0.368582237,0.3045815161,-82.93335739,17.45399032,71
2015MIA,7.265592773,3.203924591,0.72325233,4.036440429,3.980825778,12.20684853,0.309954368,0.383671975,0.301514118,-67.25375953,15.34507139,71
2016PHI,8.135699754,2.918580512,0.70488499,4.640918797,4.344890293,13.90531684,0.300706357,0.384615384,0.2959933879,-135.3486999,7.572608195,71
2017SDP,8.335275498,3.485088774,0.71114709,4.699208149,4.677910068,7.914384686,0.298881735,0.393390589,0.2975304581,-132.5153776,9.21114972,71
2019COL,7.852738415,3.659226999,0.68546638,5.578923336,5.229656115,6.024705588,0.326222935,0.45565371,0.3278860277,-112.5256773,12.07276311,71
2021CHC,8.651723283,3.797074431,0.70873786,4.880132574,4.88381436,3.982864469,0.311804384,0.407463249,0.3114116449,-51.01331843,18.57009712,71
2023WSN,7.71878711,3.730222016,0.72523262,5.02193741,5.151656621,4.939913136,0.313809602,0.395689967,0.3090397033,-55.49598927,11.36682897,71
2023STL,7.655776747,3.339556935,0.69419478,4.832905979,4.428436046,13.95920242,0.325844512,0.415789473,0.32220911,15.88460492,18.44600757,71
2024WSN,8.246862714,2.968619531,0.69072406,4.299163592,3.936563184,17.35760586,0.308766616,0.374767398,0.3001830478,-50.17169063,9.940338349,71
2009ARI,7.199171656,3.26387316,0.69836717,4.438867498,4.203692183,13.53205094,0.324428709,0.417610062,0.3235764222,-75.30770224,18.00123135,70
2009NYM,6.507013182,3.887798371,0.71826691,4.462132221,4.503114736,10.36811139,0.335090609,0.394278378,0.3204061164,-48.2181797,12.70586871,70
2014MIN,6.466202695,2.558885257,0.68875327,4.578397641,3.974064094,14.29930082,0.32361469,0.389078498,0.3163950382,23.81739528,16.15771392,70
2014HOU,7.112836772,3.027803868,0.70287899,4.141335042,3.925347718,9.852520163,0.309464611,0.382595924,0.3075613933,-8.105564825,13.6568128,70
2017NYM,8.619424406,3.720028146,0.70447284,5.012314483,4.590725298,8.657404708,0.320397847,0.43430127,0.3216867591,-8.35950525,20.1244599,70
2019SDP,9.270252269,2.909916475,0.69950739,4.631983676,4.218199514,15.19369847,0.307640862,0.409942496,0.3046289136,-98.82752839,11.7860092,70
2010CLE,6.073273266,3.592463607,0.71391159,4.295883055,4.397451727,9.712408108,0.321585903,0.378348824,0.3114025778,-40.74081141,10.84220067,69
2010WSN,6.698258558,3.21115017,0.70775501,4.133101488,4.12383557,10.44649166,0.318181818,0.390180878,0.3130003312,-84.37275552,15.9034943,69
2011BAL,6.494931265,3.328341214,0.69471413,4.920968037,4.671930163,4.873299635,0.316046966,0.412891674,0.3197343564,-39.08719642,11.31545014,69
2012BOS,7.334720052,3.299376622,0.69628796,4.721414183,4.413232543,6.425413407,0.315068493,0.414882226,0.3161807686,-37.07601063,19.78200413,69
2012MIA,6.953031213,3.092318464,0.70316812,4.104349961,3.894776043,13.50316408,0.307871914,0.382012139,0.3002158383,-92.91204658,10.55260538,69
2016OAK,7.459535213,2.913488501,0.70711785,4.514651362,4.242606943,13.66950631,0.304043934,0.394727272,0.3018853585,-87.95217471,5.511328413,69
2016ARI,8.173174406,3.739320309,0.68704257,5.091180719,4.503932966,10.1123159,0.32046332,0.431774051,0.3213240842,-42.05969271,16.91503983,69
2019PIT,9.018750745,3.650000302,0.68870075,5.187500429,4.779287383,8.653120866,0.321249393,0.420187378,0.3129626288,-71.49669951,13.48272139,69
2022MIA,8.997913609,3.199675612,0.73801184,3.869666396,3.902783577,15.48997517,0.294256358,0.363484708,0.290427994,-111.291487,7.990996147,69
2024OAK,7.912065799,3.320185965,0.70210122,4.37262227,4.236526333,11.27079268,0.301413133,0.392673048,0.3030112229,-1.041124645,13.8152772,69
2012CLE,6.77808642,3.38904321,0.67621406,4.787101551,4.400970902,12.62725265,0.323567497,0.381357466,0.3099761915,-37.73668394,8.558750822,68
2015OAK,7.344947714,2.952930633,0.70978481,4.161514057,4.131055785,13.03463323,0.312042905,0.395,0.3078693596,-34.14443925,11.33425291,68
2015COL,7.016593287,3.653424023,0.69853318,5.041598954,4.561030194,8.262044475,0.31524805,0.432340272,0.3208675963,-91.87531997,9.711470045,68
2015MIL,7.902439392,3.242508862,0.72086937,4.277352115,4.16774014,9.900377555,0.306854365,0.393248175,0.3036130968,-87.87532344,12.62089888,68
2016TBR,8.562515181,3.098153982,0.74199507,4.196074131,4.257801402,10.57234569,0.307117969,0.425652253,0.3145077547,-14.82810965,17.39547887,68
2016ATL,7.628137979,3.400645049,0.70210857,4.507253492,4.319482441,9.020057542,0.320711604,0.384294523,0.3042138848,-104.8114835,12.24324456,68
2016CIN,7.745492661,3.969486972,0.72770472,4.911928061,5.236713027,0.9611108461,0.315990057,0.407873154,0.3111736515,-83.95757747,11.81209438,68
2016SDP,7.637500502,3.556250234,0.71308912,4.443750292,4.397254909,8.620926402,0.298892988,0.390293412,0.2973247752,-108.1193128,8.160627829,68
2017CIN,8.181818504,3.971328828,0.71056135,5.16713307,5.079318092,5.321501299,0.328898263,0.432530999,0.3249784413,-39.70630492,22.0383553,68
2019SEA,7.747337354,3.157712158,0.68436754,4.996063395,4.999558485,5.445836235,0.315542616,0.424,0.3141097789,-4.08499166,16.1941399,68
2022TEX,8.241115612,3.643902718,0.7123381,4.220906246,4.175148853,9.193107928,0.300880544,0.39539978,0.3046314408,-7.02922541,17.23679528,68
2022COL,7.495089502,3.403414694,0.66849817,5.076707632,4.383712681,11.89447522,0.315392189,0.397653429,0.3124051485,-87.8767879,9.415808515,68
2010KCR,6.483759051,3.451740326,0.68570829,4.97401419,4.478306539,9.338896627,0.331007626,0.399357601,0.3226794749,-42.06182968,9.336817716,67
2011SEA,6.833217155,2.738311286,0.71445856,3.912770485,3.841855247,17.39004093,0.292382878,0.348090758,0.2834464547,-124.3734826,4.446477923,67
2014TEX,7.003973469,3.186492434,0.70356371,4.492638838,4.224563546,9.259632581,0.313889353,0.375274725,0.3051977353,-66.81221053,11.63878189,67
2015ATL,7.248831088,3.472872037,0.71428571,4.413704643,4.342433855,6.988338117,0.314448541,0.359409594,0.2957043396,-115.5478594,9.902656714,67
2017CHW,7.552404019,4.000938256,0.72427229,4.779601873,5.16936322,4.362200748,0.31363108,0.417195719,0.3130341214,-38.52244514,15.53829355,67
2018TEX,7.050314971,3.088050536,0.69618821,4.924528655,4.790760134,10.8562074,0.318270799,0.404181184,0.3145892829,-82.95239993,9.532591446,67
2018CIN,7.857044287,3.322692814,0.71501882,4.653019073,4.682985468,8.686863384,0.327572282,0.401482284,0.3168909779,-50.34351866,16.99388401,67
2019TOR,8.323074353,3.774126809,0.71792882,4.792641163,4.824053639,8.856740421,0.305020576,0.428181321,0.3096895101,-67.0976485,12.80267782,67
2021MIA,8.78374637,3.364664613,0.71642148,3.9561841,4.014557166,15.89413653,0.298489733,0.37210172,0.2914758025,-144.3103404,8.886989763,67
2010BAL,6.309817289,3.258296912,0.71279974,4.592945454,4.568443642,9.802471305,0.315616258,0.386208138,0.309989563,-111.8269491,8.898585545,66
2012MIN,5.899212709,2.908943701,0.68845463,4.766914193,4.661180674,5.911239936,0.324805699,0.39032722,0.3127909823,-32.51344373,12.81694131,66
2013MIN,6.112388437,2.842105486,0.70244375,4.554815343,4.233788737,11.4712721,0.312408995,0.379942487,0.3067662409,-66.0679631,10.6634566,66
2013CHC,7.359116669,3.356353886,0.72807018,3.996547313,4.096197009,11.31324202,0.300464037,0.392142597,0.3043731446,-78.34209833,14.10933647,66
2014COL,6.754717625,3.33962296,0.69221723,4.855346375,4.429247401,7.229606856,0.326945126,0.445117605,0.337306632,-33.06042971,17.37939454,66
2017PHI,8.17557335,3.291464596,0.73018954,4.565579923,4.562913952,14.33315667,0.314626963,0.408852755,0.3103068584,-112.9164123,10.74192518,66
2018SDP,8.64172987,3.205902647,0.71103527,4.410432543,4.099347187,12.39114924,0.297310756,0.38005833,0.2936807588,-111.5287846,11.62099154,66
2022DET,7.575722615,3.239493101,0.71308825,4.038272222,4.158451279,9.530352004,0.286348122,0.345667534,0.2790107734,-131.6978514,3.43733044,66
2009CLE,6.18828507,3.75313841,0.6888798,5.071130159,4.726093667,9.92114124,0.339277185,0.416846264,0.3331375358,-0.7025373292,14.79839769,65
2009KCR,7.276999146,3.786816555,0.67993279,4.828191107,4.362862256,14.88085471,0.318489196,0.40527838,0.3176053021,-110.3114155,2.590631695,65
2010ARI,6.724860759,3.444134295,0.70137741,4.807961197,4.759406778,2.73059141,0.324649951,0.415676959,0.3250308459,-62.7392869,22.72202504,65
2021WSN,8.688023782,3.537174615,0.71035915,4.821659558,4.874074448,6.343457843,0.336736374,0.417084493,0.3258677405,1.80426516,22.23600459,65
2022KCR,7.56991607,3.743644471,0.70284698,4.716102203,4.416809673,8.432141938,0.306395057,0.379621114,0.3015620728,-59.55689112,9.203421116,65
2009BAL,5.876137656,3.43876866,0.70344971,5.164451102,5.027804706,6.806795683,0.331832797,0.415272338,0.3278790967,-74.30378982,11.17940806,64
2012COL,7.240506851,3.582278739,0.68937551,5.215190249,4.588826324,9.191920613,0.329727958,0.436435359,0.3308738215,-73.81539203,11.76406095,64
2014ARI,7.963536331,2.922455821,0.70283392,4.255943125,3.828767344,8.19763089,0.301874274,0.375720461,0.2995100852,-112.7752278,12.91948018,64
2015CIN,7.753211381,3.368807501,0.7172383,4.347247915,4.236575454,10.8012346,0.312245893,0.393825166,0.3069204576,-52.0673913,16.49311316,64
2017DET,7.616522514,3.409059162,0.68694173,5.360713849,4.725581609,11.47133136,0.32420984,0.42386609,0.3207946182,-26.99013085,12.39829074,64
2017SFG,7.648760959,3.074380418,0.71143838,4.500000369,4.215491021,11.40280905,0.308712741,0.380471987,0.2963877417,-140.0089435,8.550708627,64
2018DET,7.671890521,3.100327774,0.70471405,4.59682,4.585361585,10.04927154,0.300299301,0.379504914,0.2953191284,-121.9054438,3.993190503,64
2011MIN,5.950762442,3.038687205,0.69101784,4.596014397,4.302056952,7.653368196,0.306228084,0.35994168,0.2956069781,-133.4117356,4.300890999,63
2013CHW,7.725773798,3.148453854,0.73064089,3.9958766,4.130328687,15.26985593,0.302179656,0.378213194,0.2993954444,-117.4857697,5.912118518,63
2015PHI,7.224646602,3.057786246,0.71093083,4.693200611,4.403494049,10.29411216,0.302550425,0.381624163,0.2983105795,-100.2744729,8.788655255,63
2018MIA,7.795423696,3.776005874,0.69908645,4.762136333,4.565424762,2.377201851,0.302794774,0.356596209,0.2890190913,-129.2109362,12.17578794,63
2024LAA,7.874214477,3.779874521,0.70229273,4.566038107,4.681713215,6.819121296,0.301174496,0.369423184,0.2956913206,-82.33172099,6.309708302,63
2009PIT,5.831492924,3.572503282,0.70596335,4.594125002,4.484627959,12.55819784,0.318272757,0.386930035,0.309988343,-112.9659291,10.55094821,62
2013MIA,7.255479953,3.242465977,0.73218701,3.71095916,3.690320174,14.55080787,0.292637933,0.334556799,0.2789918022,-178.8731457,3.814351665,62
2018CHW,7.885178809,4.089771058,0.69352426,4.847599999,4.730369215,9.842827327,0.301521667,0.401412275,0.3039873089,-61.65702305,10.44165694,62
2022CIN,8.940984503,3.869789615,0.71125265,4.862529761,4.592759019,10.70477314,0.303508477,0.372304832,0.298712027,-123.7205057,4.07016316,62
2022PIT,7.916960558,3.711471109,0.68678682,4.661506376,4.274288947,9.041320835,0.29119294,0.363721628,0.2887104355,-116.6422969,5.898510934,62
2024MIA,8.24652206,3.48144743,0.68479467,4.746289842,4.441967038,8.586387387,0.299784089,0.37776168,0.2957563334,-104.4912093,6.468439485,62
2010SEA,6.089708311,2.828929246,0.71437104,3.949235297,4.170332064,15.7120726,0.29796536,0.339434276,0.2845876373,-148.8627701,3.193900302,61
2012CHC,7.181325323,3.64796047,0.71316964,4.507427596,4.461818313,4.409793076,0.301603375,0.377933838,0.2969989267,-138.8929492,11.21753411,61
2021PIT,8.4564342,3.905944455,0.70052637,5.079016882,4.743440791,5.11776453,0.309023693,0.364130434,0.294266907,-152.0724474,7.174435348,61
2023CHW,9.240978649,4.111292542,0.7021019,4.878230906,4.705797174,9.373183186,0.291491861,0.383748409,0.2924773818,-129.3017148,3.336555577,61
2024COL,7.052804308,3.551635801,0.67789561,5.482009789,4.935847654,3.770085866,0.303681492,0.400256692,0.3055501652,-134.0933946,4.622829686,61
2021TEX,7.828926418,3.241516749,0.703125,4.802247036,4.756741476,5.763771873,0.294415387,0.37520814,0.2912298637,-115.3859424,11.95030264,60
2022OAK,7.590792953,3.173872698,0.70695755,4.536808091,4.412267534,3.310003317,0.280698749,0.345690628,0.2773049146,-112.5204286,5.169448608,60
2009WSN,5.756377822,3.974491383,0.67893079,5.017084512,4.822803565,4.897361394,0.336501288,0.406153286,0.3270814105,-37.85514389,15.55460203,59
2016MIN,7.428275222,2.987526307,0.68286277,5.089397633,4.567904956,10.71973925,0.316178835,0.421324314,0.316970623,-28.03749387,15.11505289,59
2019KCR,7.768421593,3.67578973,0.7021186,5.204210889,4.899623628,7.867299455,0.309102924,0.400836972,0.301837024,-115.895347,7.758862588,59
2023COL,7.185997832,3.729844756,0.67613461,5.683876053,5.235238561,5.326683775,0.310110872,0.404657933,0.3098441949,-165.7740083,2.199985268,59
2018KCR,7.271648478,3.4504192,0.70566038,4.946229345,4.662526637,6.708202853,0.305348567,0.39164396,0.3026665949,-92.69076198,8.375274621,58
2010PIT,6.5412047,3.429988429,0.67365269,5.004722894,4.445729179,6.406655479,0.304142011,0.373375417,0.3000804718,-119.0248636,1.571258059,57
2019MIA,8.586660979,3.832218071,0.72145107,4.735749161,4.894369595,5.818588355,0.298353567,0.374637155,0.2880227881,-181.691048,2.76255468,57
2011HOU,7.46968721,3.512195498,0.70834246,4.509408148,4.350125103,5.635291481,0.310588622,0.373704894,0.3014291836,-89.14744974,12.83567378,56
2023KCR,8.112136909,3.532292686,0.67754362,5.167495086,4.695068862,8.006890199,0.302781501,0.397568165,0.3029037825,-89.98566112,11.76679998,56
2012HOU,7.398127566,3.414520415,0.69991299,4.565340259,4.269862106,9.251967061,0.301611278,0.371370445,0.2956960172,-144.4301857,6.756502332,55
2022WSN,7.778040849,3.557497372,0.70836174,5.004723005,4.976185599,-0.01088948094,0.310229365,0.377438351,0.3027269239,-52.30457871,8.160616589,55
2019BAL,7.783784635,3.498960881,0.68486917,5.669439289,5.564668083,6.895326258,0.310087577,0.414581844,0.3078085173,-91.85924359,5.04421021,54
2021BAL,7.92154161,3.614123117,0.66730059,5.848074884,5.152202692,7.769820896,0.303670186,0.401660516,0.3050349827,-75.94831046,6.150435327,52
2021ARI,7.861242364,3.524224161,0.68171633,5.149812243,4.884521552,2.375628801,0.309102815,0.382401165,0.3006836159,-116.3114229,11.03014545,52
2013HOU,6.775000641,3.850000364,0.69988628,4.793750453,4.666604529,2.170993176,0.298844801,0.375481033,0.2977509288,-112.7104568,1.769474527,51
2023OAK,8.241372142,4.39962482,0.6806817,5.483682233,5.051941243,1.104448601,0.298482293,0.370363396,0.2931675076,-85.70254162,6.45765709,50
2018BAL,7.56603821,3.704402748,0.6998511,5.18867957,4.980138189,7.113892185,0.29828932,0.390956963,0.2987656005,-99.68847245,4.856361064,47
2019DET,8.59176625,3.366364554,0.6878453,5.25680435,4.839271301,10.29809925,0.293864013,0.38817805,0.2895188887,-171.2172986,-0.1150429215,47
2024CHW,8.657747322,4.07535251,0.70671963,4.677465244,4.555421163,9.815594731,0.277872777,0.33995913,0.2722936975,-178.315067,-6.282791096,41